{
  "_id": "AAAAAAAAAAAAAAAA",
  "active": false,
  "backgroundColor": "#999999",
  "background": {
    "offsetX": 0,
    "offsetY": 0,
    "rotation": 0,
    "scaleX": 1,
    "scaleY": 1,
    "tint": null
  },
  "darkness": 0,
  "description": "",
  "drawings": [],
  "flags": {
    "ddb": {
      "bookCode": null,
      "cobaltId": null,
      "ddbId": null
    }
  },
  "fogExploration": true,
  "fogExploredColor": null,
  "fogOverlay": null,
  "folder": "AAAAAAAAAAAAAAAA",
  "globalLight": false,
  "globalLightThreshold": null,
  "grid": {
    "alpha": 0.2,
    "color": "#000000",
    "distance": 5,
    "size": 100,
    "type": 1,
    "units": "ft"
  },
  "height": 3000,
  "initial": {},
  "journal": "",
  "journalEntryPage": null,
  "lights": [],
  "name": "A Nice Time",
  "navName": "",
  "navOrder": 100001,
  "navigation": false,
  "notes": [],
  "padding": 0.25,
  "playlist": null,
  "playlistSound": null,
  "size": null,
  "sort": 100000,
  "sounds": [],
  "templates": [],
  "tiles": [],
  "tokenVision": true,
  "tokens": [],
  "walls": [],
  "weather": "",
  "width": 4000
}
