{
  "_id": "AAAAAAAAAAAAAAAA",
  "active": false,
  "backgroundColor": "#999999",
  "darkness": 0,
  "description": "",
  "drawings": [],
  "flags": {
    "ddb": {
      "bookCode": null,
      "cobaltId": null,
      "ddbId": null
    }
  },
  "fogExploration": true,
  "folder": "AAAAAAAAAAAAAAAA",
  "globalLight": false,
  "globalLightThreshold": null,
  "grid": 100,
  "gridAlpha": 0.2,
  "gridColor": "#000000",
  "gridDistance": 5,
  "gridType": 1,
  "gridUnits": "ft",
  "hasGlobalThreshold": false,
  "height": 3000,
  "img": "",
  "initial": null,
  "journal": "",
  "lights": [],
  "name": "A Nice Time",
  "navName": "",
  "navOrder": 100001,
  "navigation": false,
  "notes": [],
  "padding": 0.25,
  "playlist": "",
  "shiftX": 0,
  "shiftY": 0,
  "size": null,
  "sort": 100000,
  "sounds": [],
  "templates": [],
  "tiles": [],
  "tokenVision": true,
  "tokens": [],
  "walls": [],
  "weather": "",
  "width": 4000
}
